Row_Number,Candidate_ID,Title,Final_Decision,URL,FilePath,Filename,Retrieved_At,Match_Status
2,CAND_7283366E31,Business Incentives,review,https://powderspringsga.gov/DocumentCenter/View/2486/Georgia-Business-Incentives-Brochure,evAutomationUpdated/data/tavily ready documents/review/CAND_7283366E31_Georgia%20Business%20Incentives%20Brochure_201404101530397659.pdf,CAND_7283366E31_Georgia%20Business%20Incentives%20Brochure_201404101530397659.pdf,2026-03-25T15:28:47,published
3,CAND_EA6E724597,"Presentation to Annual General Meeting held on April 17, 2024",review,https://www.sec.gov/Archives/edgar/data/1859795/000095017024045550/nvx-ex99_3.htm,evAutomationUpdated/data/tavily ready documents/review/CAND_EA6E724597_nvx-ex99_3.htm,CAND_EA6E724597_nvx-ex99_3.htm,2026-03-25T15:28:47,published
4,CAND_FB025E8336,"The Port of Savannah Logistics Cluster | Port Economics, Management and Policy",review,https://porteconomicsmanagement.org/pemp/contents/part12/port-of-savannah-logistics-cluster,"evAutomationUpdated/data/tavily ready documents/review/CAND_FB025E8336_The_Port_of_Savannah_Logistics_Cluster_Port_Economics,_Management_and_Policy.html","CAND_FB025E8336_The_Port_of_Savannah_Logistics_Cluster_Port_Economics,_Management_and_Policy.html",2026-03-25T15:28:47,published
5,CAND_AE87F319D1,"Annual GPA ports guide and directory, 2010-2011 - Digital Library of Georgia",review,https://dlg.usg.edu/record/dlg_ggpd_y-ga-bp900-b-ps1-bp62-b2010-h2011-belec-p-btext,evAutomationUpdated/data/tavily ready documents/review/CAND_AE87F319D1_dlg_ggpd_y-ga-bp900-b-ps1-bp62-b2010-h2011-belec-p-btext.html,CAND_AE87F319D1_dlg_ggpd_y-ga-bp900-b-ps1-bp62-b2010-h2011-belec-p-btext.html,2026-03-25T15:28:47,published
6,CAND_A63E959ADD,Investor Presentation - SEC.gov,review,https://www.sec.gov/Archives/edgar/data/1882198/000121390025045028/ea024263701ex99-1_athena2.htm,evAutomationUpdated/data/tavily ready documents/review/CAND_A63E959ADD_ea024263701ex99-1_athena2.htm,CAND_A63E959ADD_ea024263701ex99-1_athena2.htm,2026-03-25T15:28:47,published
7,CAND_EC164BEA16,"Savannah, GA: A Strategic Gateway for International Trade",review,https://www.averitt.com/blog/savannah-georgia-logistics-hub,evAutomationUpdated/data/tavily ready documents/review/CAND_EC164BEA16_savannah-georgia-logistics-hub.html,CAND_EC164BEA16_savannah-georgia-logistics-hub.html,2026-03-25T15:28:47,published
8,CAND_3084EE6CB5,electra battery materials corporation - SEC.gov,review,https://www.sec.gov/Archives/edgar/data/1907184/000117184325005930/exh_992.htm,evAutomationUpdated/data/tavily ready documents/review/CAND_3084EE6CB5_exh_992.htm,CAND_3084EE6CB5_exh_992.htm,2026-03-25T15:28:47,published
9,CAND_B256B3B485,Lineage | Georgia Port-Centric Expansion,review,https://www.onelineage.com/news-stories/lineage-expands-port-centric-facility-footprint-savannah-georgia,evAutomationUpdated/data/tavily ready documents/review/CAND_B256B3B485_lineage-expands-port-centric-facility-footprint-savannah-georgia_2.html,CAND_B256B3B485_lineage-expands-port-centric-facility-footprint-savannah-georgia_2.html,2026-03-25T15:28:47,published
10,CAND_05B096ACEC,2019 ANNUAL REPORT | 1 Georgia Environmental Finance Authority,review,https://gefa.georgia.gov/document/publication/2022-georgia-energy-report/download,evAutomationUpdated/data/tavily ready documents/review/CAND_05B096ACEC_Georgia-Energy-Report-2022_1.pdf,CAND_05B096ACEC_Georgia-Energy-Report-2022_1.pdf,2026-03-25T15:28:47,published
11,CAND_5F0002B474,"Bartow County, Georgia Fulfills Location & Logistical ...",review,https://georgia.org/sites/default/files/2018-06/voestalpine.pdf,evAutomationUpdated/data/tavily ready documents/review/CAND_5F0002B474_voestalpine.pdf,CAND_5F0002B474_voestalpine.pdf,2026-03-25T15:28:47,published
12,CAND_4640FCAC80,ttm-ex991_6.htm,review,https://www.sec.gov/Archives/edgar/data/926042/000156459021050610/ttm-ex991_6.htm,evAutomationUpdated/data/tavily ready documents/review/CAND_4640FCAC80_ttm-ex991_6.htm,CAND_4640FCAC80_ttm-ex991_6.htm,2026-03-25T15:28:47,published
13,CAND_C6DD9F27F1,i TABLE OF CONTENTS EXECUTIVE SUMARY . . . . 1 - 1 1.0 INTRODUCTION . . . .,review,https://www.energy.gov/sites/default/files/2024-03/eis-0551-venture-global-cp2-lng-vol-1-2023-07-01.pdf,evAutomationUpdated/data/tavily ready documents/review/CAND_C6DD9F27F1_eis-0551-venture-global-cp2-lng-vol-1-2023-07-01.pdf,CAND_C6DD9F27F1_eis-0551-venture-global-cp2-lng-vol-1-2023-07-01.pdf,2026-03-25T15:28:47,published
14,CAND_F06376F88B,Friendshoring the Lithium-Ion Battery Supply Chain: Battery Cell Manufacturing | CSIS,review,https://www.csis.org/analysis/friendshoring-lithium-ion-battery-supply-chain-battery-cell-manufacturing,evAutomationUpdated/data/tavily ready documents/review/CAND_F06376F88B_friendshoring-lithium-ion-battery-supply-chain-battery-cell-manufacturing.html,CAND_F06376F88B_friendshoring-lithium-ion-battery-supply-chain-battery-cell-manufacturing.html,2026-03-25T15:28:47,published
15,CAND_0116545609,Perpetually Pushing Ahead - Georgia Trend Magazine,review,https://www.georgiatrend.com/2021/10/31/perpetually-pushing-ahead,evAutomationUpdated/data/tavily ready documents/review/CAND_0116545609_Perpetually_Pushing_Ahead_-_Georgia_Trend_Magazine.html,CAND_0116545609_Perpetually_Pushing_Ahead_-_Georgia_Trend_Magazine.html,2026-03-25T15:28:47,published
16,CAND_9A835F3448,LOGISTICS FACTS SHEET STATE OF GEORGIA,review,https://georgia.org/sites/default/files/2022-09/logistics_fact_sheets_statewide.pdf,evAutomationUpdated/data/tavily ready documents/review/CAND_9A835F3448_logistics_fact_sheets_statewide.pdf,CAND_9A835F3448_logistics_fact_sheets_statewide.pdf,2026-03-25T15:28:47,published
17,CAND_00611B6E30,[PDF] Assessment of U.S. light-duty vehicle battery manufacturing jobs by ...,review,https://theicct.org/wp-content/uploads/2024/12/ID-255-%E2%80%93-Battery-jobs_working-paper_final.pdf,evAutomationUpdated/data/tavily ready documents/review/CAND_00611B6E30_ID-255-%E2%80%93-Battery-jobs_working-paper_final_2.pdf,CAND_00611B6E30_ID-255-%E2%80%93-Battery-jobs_working-paper_final_2.pdf,2026-03-25T15:28:47,published
18,CAND_6E02A101C7,Georgia Ports Secures $120 Million in Federal Grants for Rail...,review,https://www.globaltrademag.com/georgia-ports-secures-120-million-in-federal-grants-for-rail-and-electrification-projects,evAutomationUpdated/data/tavily ready documents/review/CAND_6E02A101C7_Georgia_Ports_Secures_$120_Million_in_Federal_Grants_for_Rail...html,CAND_6E02A101C7_Georgia_Ports_Secures_$120_Million_in_Federal_Grants_for_Rail...html,2026-03-25T15:28:47,published
19,CAND_CB5B88CA48,SUPERCHARGED: Georgia’s Clean Energy Boom After the Inflation Reduction Act,review,https://www.warnock.senate.gov/wp-content/uploads/2025/05/SRW-IRA-Report-Final.pdf,evAutomationUpdated/data/tavily ready documents/review/CAND_CB5B88CA48_SRW-IRA-Report-Final.pdf,CAND_CB5B88CA48_SRW-IRA-Report-Final.pdf,2026-03-25T15:28:47,published
20,CAND_6086387DC6,Report: Vietnam's Battery Supply Chain,review,https://www.energytransitionpartnership.org/wp-content/uploads/2025/08/20250712_Phase-2-Report_EN.pdf,evAutomationUpdated/data/tavily ready documents/review/CAND_6086387DC6_20250712_Phase-2-Report_EN.pdf,CAND_6086387DC6_20250712_Phase-2-Report_EN.pdf,2026-03-25T15:28:47,published
21,CAND_FBEBF8BD02,2-1 Georgia Freight Plan 2. Georgia’s Freight Economy,review,https://www.dot.ga.gov/InvestSmart/Freight/GeorgiaFreight/Chapter2_Georgia_Freight_Economy.pdf,evAutomationUpdated/data/tavily ready documents/review/CAND_FBEBF8BD02_Chapter2_Georgia_Freight_Economy.pdf,CAND_FBEBF8BD02_Chapter2_Georgia_Freight_Economy.pdf,2026-03-25T15:28:47,published
22,CAND_513B1BCFEF,Electric Vehicle (EV) And Battery Manufacturing in the Great Lakes Region - RMI,review,https://rmi.org/electric-vehicle-battery-manufacturing-in-the-great-lakes-region,evAutomationUpdated/data/tavily ready documents/review/CAND_513B1BCFEF_electric-vehicle-battery-manufacturing-in-the-great-lakes-region.html,CAND_513B1BCFEF_electric-vehicle-battery-manufacturing-in-the-great-lakes-region.html,2026-03-25T15:28:47,published
23,CAND_B6E49D4D34,Georgia Ports: On the World Stage - Georgia Trend Magazine,review,https://www.georgiatrend.com/2024/10/31/georgia-ports-on-the-world-stage,evAutomationUpdated/data/tavily ready documents/review/CAND_B6E49D4D34_Georgia_Ports_On_the_World_Stage_-_Georgia_Trend_Magazine.html,CAND_B6E49D4D34_Georgia_Ports_On_the_World_Stage_-_Georgia_Trend_Magazine.html,2026-03-25T15:28:47,published
24,CAND_2BA710409B,Georgia is plugged in to electric transportation | Select Georgia,review,https://www.selectgeorgia.com/blog/electric-transportation,evAutomationUpdated/data/tavily ready documents/review/CAND_2BA710409B_Georgia_is_plugged_in_to_electric_transportation_Select_Georgia.html,CAND_2BA710409B_Georgia_is_plugged_in_to_electric_transportation_Select_Georgia.html,2026-03-25T15:28:47,published
25,CAND_76366F29EB,American Battery Technology Company,review,https://www.sec.gov/Archives/edgar/data/1576873/000149315224050634/ex99-1.htm,evAutomationUpdated/data/tavily ready documents/review/CAND_76366F29EB_ex99-1.htm,CAND_76366F29EB_ex99-1.htm,2026-03-25T15:28:47,published
26,CAND_96745E1FBA,MINERAL COMMODITY SUMMARIES 2025,review,https://pubs.usgs.gov/periodicals/mcs2025/mcs2025.pdf,evAutomationUpdated/data/tavily ready documents/review/CAND_96745E1FBA_mcs2025.pdf,CAND_96745E1FBA_mcs2025.pdf,2026-03-25T15:28:47,published
27,CAND_6EC8D62B2C,Distribution Centers Space Warehousing Savannah GA Port,review,https://seda.org/industries/logistics-distribution,evAutomationUpdated/data/tavily ready documents/review/CAND_6EC8D62B2C_Distribution_Centers_Space_Warehousing_Savannah_GA_Port.html,CAND_6EC8D62B2C_Distribution_Centers_Space_Warehousing_Savannah_GA_Port.html,2026-03-25T15:28:47,published
28,CAND_B3479BD148,Shifting Port Networks and Warehousing to Savannah | Porter Logistics,review,https://www.porter-logistics.com/blog/shifting-port-networks-and-warehousing-to-savannah-ga,evAutomationUpdated/data/tavily ready documents/review/CAND_B3479BD148_shifting-port-networks-and-warehousing-to-savannah-ga.html,CAND_B3479BD148_shifting-port-networks-and-warehousing-to-savannah-ga.html,2026-03-25T15:28:47,published
29,CAND_564677852C,Driving Growth in South Carolina's Battery and EV Supply ...,review,https://www.c2es.org/wp-content/uploads/2025/04/driving-growth-south-carolinas-battery-and-ev-supply-chain.pdf,evAutomationUpdated/data/tavily ready documents/review/CAND_564677852C_driving-growth-south-carolinas-battery-and-ev-supply-chain.pdf,CAND_564677852C_driving-growth-south-carolinas-battery-and-ev-supply-chain.pdf,2026-03-25T15:28:47,published
30,CAND_45A167702C,Information regarding Texas Competitive Electric Holdings Company LLC,review,https://www.sec.gov/Archives/edgar/data/1023291/000119312507220338/dex992.htm,evAutomationUpdated/data/tavily ready documents/review/CAND_45A167702C_dex992.htm,CAND_45A167702C_dex992.htm,2026-03-25T15:28:47,published
31,CAND_666B327E9C,[PDF] Georgia Industrial Resource Fact Sheet - eere.energy.gov,review,https://www1.eere.energy.gov/manufacturing/states/pdfs/georgiaindustrialresourcefactsheet.pdf,evAutomationUpdated/data/tavily ready documents/review/CAND_666B327E9C_georgiaindustrialresourcefactsheet.pdf,CAND_666B327E9C_georgiaindustrialresourcefactsheet.pdf,2026-03-25T15:28:47,published
32,CAND_43AE8ADAA1,"Battery 2030: Resilient, sustainable, and circular",review,https://www.globalbattery.org/media/publications/battery-2030-resilient-sustainable-and-circular.pdf,evAutomationUpdated/data/tavily ready documents/review/CAND_43AE8ADAA1_battery-2030-resilient-sustainable-and-circular.pdf,CAND_43AE8ADAA1_battery-2030-resilient-sustainable-and-circular.pdf,2026-03-25T15:28:47,published
33,CAND_85D8AF04E6,ISSUE BRIEF: FEDERAL SUPPORT FOR EV JOBS IN GEORGIA,review,https://atlaspolicy.com/wp-content/uploads/2024/05/Issue-Brief-EV-Jobs-in-Georgia.pdf,evAutomationUpdated/data/tavily ready documents/review/CAND_85D8AF04E6_Issue-Brief-EV-Jobs-in-Georgia.pdf,CAND_85D8AF04E6_Issue-Brief-EV-Jobs-in-Georgia.pdf,2026-03-25T15:28:47,published
34,CAND_A0BABD57A1,"Savannah, Brunswick ports set for a $4.5B revamp",review,https://canada.constructconnect.com/dcn/news/usa/2024/10/savannah-brunswick-ports-set-for-a-4-5b-revamp,evAutomationUpdated/data/tavily ready documents/review/CAND_A0BABD57A1_savannah-brunswick-ports-set-for-a-4-5b-revamp.html,CAND_A0BABD57A1_savannah-brunswick-ports-set-for-a-4-5b-revamp.html,2026-03-25T15:28:47,published
35,CAND_DD5D88E9D8,EX-99.1,review,https://www.sec.gov/Archives/edgar/data/1859795/000095017024124739/nvx-ex99_1.htm,evAutomationUpdated/data/tavily ready documents/review/CAND_DD5D88E9D8_nvx-ex99_1_3.htm,CAND_DD5D88E9D8_nvx-ex99_1_3.htm,2026-03-25T15:28:47,published
36,CAND_576DE13A51,GA DOT Working To Secure State’s Freight & Logistics Future,review,https://www.dot.ga.gov/PartnerSmart/Public/Viewpoint/FreightandLogistics.pdf,evAutomationUpdated/data/tavily ready documents/review/CAND_576DE13A51_FreightandLogistics.pdf,CAND_576DE13A51_FreightandLogistics.pdf,2026-03-25T15:28:47,published
37,CAND_26551063EE,Redwood Materials Will Build New Battery Recycling Facility In South Carolina - CleanTechnica,review,https://cleantechnica.com/2022/12/15/redwood-materials-will-build-new-battery-recycling-facility-in-south-carolina?amp=1,evAutomationUpdated/data/tavily ready documents/review/CAND_26551063EE_Redwood_Materials_Will_Build_New_Battery_Recycling_Facility_In_South_Carolina_-_CleanTechnic.html,CAND_26551063EE_Redwood_Materials_Will_Build_New_Battery_Recycling_Facility_In_South_Carolina_-_CleanTechnic.html,2026-03-25T15:28:47,published
38,CAND_DD0B639FB2,automotive-battery-supply-chain-analysis-2021- ...,review,https://new.abb.com/docs/librariesprovider89/default-document-library/automotive-battery-supply-chain-analysis-2021-final_abb_ams---abridged-version-docx.pdf?sfvrsn=3bc9f708_2,evAutomationUpdated/data/tavily ready documents/review/CAND_DD0B639FB2_automotive-battery-supply-chain-analysis-2021-final_abb_ams---abridged-version-docx.pdf,CAND_DD0B639FB2_automotive-battery-supply-chain-analysis-2021-final_abb_ams---abridged-version-docx.pdf,2026-03-25T15:28:47,published
39,CAND_A4F8C7DBBE,An update on our anode copper foil product & facility,review,https://www.redwoodmaterials.com/news/anode-copper-foil-product-update,evAutomationUpdated/data/tavily ready documents/review/CAND_A4F8C7DBBE_An_update_on_our_anode_copper_foil_product_&_facility.html,CAND_A4F8C7DBBE_An_update_on_our_anode_copper_foil_product_&_facility.html,2026-03-25T15:28:47,published
40,CAND_694E2FCB40,ECM Projects by County and city NOV-30- ECM Projects by County and city,review,https://gsfic.georgia.gov/document/publication/complete-listing-state-facility-projects/download,evAutomationUpdated/data/tavily ready documents/review/CAND_694E2FCB40_155196184ECM_Projects_by_County.pdf,CAND_694E2FCB40_155196184ECM_Projects_by_County.pdf,2026-03-25T15:28:47,published
41,CAND_6174C07344,clean energy plan,review,https://agenda.savannahga.gov/content/files/100-savannah-report_final_12162021.pdf,evAutomationUpdated/data/tavily ready documents/review/CAND_6174C07344_100-savannah-report_final_12162021.pdf,CAND_6174C07344_100-savannah-report_final_12162021.pdf,2026-03-25T15:28:47,published
42,CAND_97624751A8,"Port of Savannah | Savannah Infrastructure | Port, Interstate, Rail, Airport",review,https://seda.org/do-business-here/infrastructure,"evAutomationUpdated/data/tavily ready documents/review/CAND_97624751A8_Port_of_Savannah_Savannah_Infrastructure_Port,_Interstate,_Rail,_Airport.html","CAND_97624751A8_Port_of_Savannah_Savannah_Infrastructure_Port,_Interstate,_Rail,_Airport.html",2026-03-25T15:28:47,published
43,CAND_5C298345CA,December 2024: ISSUE 142 Responding to the China challenge:,review,https://www.oxfordenergy.org/wpcms/wp-content/uploads/2024/12/OEF-142.pdf,evAutomationUpdated/data/tavily ready documents/review/CAND_5C298345CA_OEF-142.pdf,CAND_5C298345CA_OEF-142.pdf,2026-03-25T15:28:47,published
44,CAND_B105D423FC,[PDF] Hybrid Power Plants for Energy Resilience: A Case Study,review,https://docs.nrel.gov/docs/fy25osti/90399.pdf,evAutomationUpdated/data/tavily ready documents/review/CAND_B105D423FC_90399.pdf,CAND_B105D423FC_90399.pdf,2026-03-25T15:28:47,published
45,CAND_B36897A5D5,Kelso Technologies Inc.: Exhibit 99.3 - Filed by newsfilecorp.com,review,https://www.sec.gov/Archives/edgar/data/1161814/000106299324010124/exhibit99-3.htm,evAutomationUpdated/data/tavily ready documents/review/CAND_B36897A5D5_exhibit99-3_2.htm,CAND_B36897A5D5_exhibit99-3_2.htm,2026-03-25T15:28:47,published
46,CAND_C132BD0770,FinancialContent - The New Industrial Powerhouse: How the Southeast is Defying National Headwinds in 2026,review,https://markets.financialcontent.com/stocks/article/marketminute-2026-3-18-the-new-industrial-powerhouse-how-the-southeast-is-defying-national-headwinds-in-2026,evAutomationUpdated/data/tavily ready documents/review/CAND_C132BD0770_marketminute-2026-3-18-the-new-industrial-powerhouse-how-the-southeast-is-defying-national-h.html,CAND_C132BD0770_marketminute-2026-3-18-the-new-industrial-powerhouse-how-the-southeast-is-defying-national-h.html,2026-03-25T15:28:47,published
47,CAND_B843606025,Anovion to build battery material plant in Georgia - electrive.com,review,https://www.electrive.com/2023/05/16/anovion-to-build-battery-material-plant-in-georgia,evAutomationUpdated/data/tavily ready documents/review/CAND_B843606025_Anovion_to_build_battery_material_plant_in_Georgia_-_electrive.html,CAND_B843606025_Anovion_to_build_battery_material_plant_in_Georgia_-_electrive.html,2026-03-25T15:28:47,published
48,CAND_B70A24E905,Kelso Technologies Inc.: Form 20-F,review,https://sec.gov/Archives/edgar/data/1161814/000106299324008042/form20f.htm,evAutomationUpdated/data/tavily ready documents/review/CAND_B70A24E905_form20f.htm,CAND_B70A24E905_form20f.htm,2026-03-25T15:28:47,published
49,CAND_A772A83DF3,"Day 4 - From Rocks to Robots: Building the Battery Supply Chain for Resilience, Cost, and Carbon",review,https://www.linkedin.com/pulse/day-4-from-rocks-robots-building-battery-supply-chain-baljeet-yadav-1ebyf,evAutomationUpdated/data/tavily ready documents/review/CAND_A772A83DF3_day-4-from-rocks-robots-building-battery-supply-chain-baljeet-yadav-1ebyf.html,CAND_A772A83DF3_day-4-from-rocks-robots-building-battery-supply-chain-baljeet-yadav-1ebyf.html,2026-03-25T15:28:47,published
50,CAND_D51FF68E84,ALTRIOS Software Helps Launch Next-Generation Railcars in Heart of Georgia | NLR,review,https://www.nrel.gov/news/detail/features/2025/altrios-software-helps-launch-next-generation-railcars-in-heart-of-georgia,evAutomationUpdated/data/tavily ready documents/review/CAND_D51FF68E84_altrios-software-helps-launch-next-generation-railcars-in-heart-of-georgia_2.html,CAND_D51FF68E84_altrios-software-helps-launch-next-generation-railcars-in-heart-of-georgia_2.html,2026-03-25T15:28:47,published
51,CAND_63F12322D4,[PDF] State of Georgia ENERGY SECTOR RISK PROFILE,review,https://www.energy.gov/sites/default/files/2021-09/Georgia%20Energy%20Sector%20Risk%20Profile.pdf,evAutomationUpdated/data/tavily ready documents/review/CAND_63F12322D4_Georgia%20Energy%20Sector%20Risk%20Profile.pdf,CAND_63F12322D4_Georgia%20Energy%20Sector%20Risk%20Profile.pdf,2026-03-25T15:28:47,published
52,CAND_A9769238AE,Cogeneration,review,https://www.drawdownga.org/wp-content/uploads/2020/10/101620_Electricity_TechnicalReport.pdf,evAutomationUpdated/data/tavily ready documents/review/CAND_A9769238AE_101620_Electricity_TechnicalReport.pdf,CAND_A9769238AE_101620_Electricity_TechnicalReport.pdf,2026-03-25T15:28:47,published
53,CAND_1B7ED6D429,American Battery Technology Company,review,https://www.sec.gov/Archives/edgar/data/1576873/000149315225007582/ex99-3.htm,evAutomationUpdated/data/tavily ready documents/review/CAND_1B7ED6D429_ex99-3.htm,CAND_1B7ED6D429_ex99-3.htm,2026-03-25T15:28:47,published
54,CAND_9D740B95F0,Powering the Future: Overcoming Battery Supply Chain Challenges,review,https://reports.weforum.org/docs/WEF_Powering_the_Future_2025.pdf,evAutomationUpdated/data/tavily ready documents/review/CAND_9D740B95F0_WEF_Powering_the_Future_2025.pdf,CAND_9D740B95F0_WEF_Powering_the_Future_2025.pdf,2026-03-25T15:28:47,published
55,CAND_7979421E84,Georgia Ports welcomes new MEDLOG flagship cold chain facility to Savannah • The Georgia Virtue,review,https://www.thegeorgiavirtue.com/local-news-south-georgia/georgia-ports-welcomes-new-medlog-flagship-cold-chain-facility-to-savannah,evAutomationUpdated/data/tavily ready documents/review/CAND_7979421E84_Georgia_Ports_welcomes_new_MEDLOG_flagship_cold_chain_facility_to_Savannah_•_The_Georgia_Vir.html,CAND_7979421E84_Georgia_Ports_welcomes_new_MEDLOG_flagship_cold_chain_facility_to_Savannah_•_The_Georgia_Vir.html,2026-03-25T15:28:47,published
56,CAND_0EE2A124FA,Southeast Georgia: Blossoming Ecosystem - Georgia Trend Magazine,review,https://www.georgiatrend.com/2023/03/29/2023-economic-yearbook-southeast-georgia,evAutomationUpdated/data/tavily ready documents/review/CAND_0EE2A124FA_Southeast_Georgia_Blossoming_Ecosystem_-_Georgia_Trend_Magazine.html,CAND_0EE2A124FA_Southeast_Georgia_Blossoming_Ecosystem_-_Georgia_Trend_Magazine.html,2026-03-25T15:28:47,published
57,CAND_F262E5C9CC,EX-99.1,review,https://www.sec.gov/Archives/edgar/data/1859795/000095017024114374/nvx-ex99_1.htm,evAutomationUpdated/data/tavily ready documents/review/CAND_F262E5C9CC_nvx-ex99_1_2.htm,CAND_F262E5C9CC_nvx-ex99_1_2.htm,2026-03-25T15:28:47,published
58,CAND_F83CA64B15,Qcells | Department of Energy,review,https://www.energy.gov/edf/qcells,evAutomationUpdated/data/tavily ready documents/review/CAND_F83CA64B15_qcells.html,CAND_F83CA64B15_qcells.html,2026-03-25T15:28:47,published
59,CAND_EC5618F90D,Projects | Department of Energy,review,https://www.energy.gov/lpo/listings/projects,evAutomationUpdated/data/tavily ready documents/review/CAND_EC5618F90D_projects_2.html,CAND_EC5618F90D_projects_2.html,2026-03-25T15:28:47,published
60,CAND_03D60AB2F2,Hyundai Plans 3 Battery Factories With Annual Capacity Of 90 GWh In Georgia - CleanTechnica,review,https://cleantechnica.com/2022/11/29/hyundai-plans-3-battery-factories-with-annual-capacity-of-90-gwh-in-georgia,evAutomationUpdated/data/tavily ready documents/review/CAND_03D60AB2F2_Hyundai_Plans_3_Battery_Factories_With_Annual_Capacity_Of_90_GWh_In_Georgia_-_CleanTechnica.html,CAND_03D60AB2F2_Hyundai_Plans_3_Battery_Factories_With_Annual_Capacity_Of_90_GWh_In_Georgia_-_CleanTechnica.html,2026-03-25T15:28:47,published
61,CAND_74D732B96B,Georgia’s Battery-Powered Future - Georgia Trend Magazine,review,https://www.georgiatrend.com/2024/04/30/georgias-battery-powered-future,evAutomationUpdated/data/tavily ready documents/review/CAND_74D732B96B_Georgia’s_Battery-Powered_Future_-_Georgia_Trend_Magazine.html,CAND_74D732B96B_Georgia’s_Battery-Powered_Future_-_Georgia_Trend_Magazine.html,2026-03-25T15:28:47,published
62,CAND_7610510CA6,"Savannah Port growth means billions in investment, infrastructure lags",review,https://www.savannahnow.com/story/news/local/2022/07/28/savannah-ga-port-growth-billions-investment-infrastructure-lags/10096601002,"evAutomationUpdated/data/tavily ready documents/review/CAND_7610510CA6_Savannah_Port_growth_means_billions_in_investment,_infrastructure_lags.html","CAND_7610510CA6_Savannah_Port_growth_means_billions_in_investment,_infrastructure_lags.html",2026-03-25T15:28:47,published
63,CAND_9FF6B3FBCE,Powering the EU's future: Strengthening the battery industry,review,https://www.europarl.europa.eu/RegData/etudes/BRIE/2025/767214/EPRS_BRI(2025)767214_EN.pdf,evAutomationUpdated/data/tavily ready documents/review/CAND_9FF6B3FBCE_EPRS_BRI(2025)767214_EN.pdf,CAND_9FF6B3FBCE_EPRS_BRI(2025)767214_EN.pdf,2026-03-25T15:28:47,published
64,CAND_9EC4665791,Climate Change and the U.S. Energy Sector,review,https://www.energy.gov/sites/prod/files/2015/10/f27/Regional_Climate_Vulnerabilities_and_Resilience_Solutions_0.pdf,evAutomationUpdated/data/tavily ready documents/review/CAND_9EC4665791_Regional_Climate_Vulnerabilities_and_Resilience_Solutions_0.pdf,CAND_9EC4665791_Regional_Climate_Vulnerabilities_and_Resilience_Solutions_0.pdf,2026-03-25T15:28:47,published
65,CAND_2A5CB4FFAF,Hyundai Motor Group Will Build Big EV Plant And Battery Facility In Georgia,review,https://insideevs.com/news/587322/hyundai-build-ev-plant-battery-georgia,evAutomationUpdated/data/tavily ready documents/review/CAND_2A5CB4FFAF_Hyundai_Motor_Group_Will_Build_Big_EV_Plant_And_Battery_Facility_In_Georgia.html,CAND_2A5CB4FFAF_Hyundai_Motor_Group_Will_Build_Big_EV_Plant_And_Battery_Facility_In_Georgia.html,2026-03-25T15:28:47,published
66,CAND_23A6374C1E,How the Inflation Reduction Act Impacts Georgia’s EV Industry,review,https://www.governing.com/next/how-the-inflation-reduction-act-impacts-georgias-ev-industry,evAutomationUpdated/data/tavily ready documents/review/CAND_23A6374C1E_how-the-inflation-reduction-act-impacts-georgias-ev-industry.html,CAND_23A6374C1E_how-the-inflation-reduction-act-impacts-georgias-ev-industry.html,2026-03-25T15:28:47,published
67,CAND_9FE388D8C1,Georgia Ports welcomes new MEDLOG flagship cold chain facility to Savannah - Grice Connect,review,https://www.griceconnect.com/local-news/georgia-ports-welcomes-new-medlog-flagship-cold-chain-facility-to-savannah-11206964,evAutomationUpdated/data/tavily ready documents/review/CAND_9FE388D8C1_georgia-ports-welcomes-new-medlog-flagship-cold-chain-facility-to-savannah-11206964.html,CAND_9FE388D8C1_georgia-ports-welcomes-new-medlog-flagship-cold-chain-facility-to-savannah-11206964.html,2026-03-25T15:28:47,published
68,CAND_1B20532B55,The IRA and the US Battery Supply Chain: Background and Key Drivers - Center on Global Energy Policy at Columbia University SIPA | CGEP,review,https://www.energypolicy.columbia.edu/publications/the-ira-and-the-us-battery-supply-chain-background-and-key-drivers,evAutomationUpdated/data/tavily ready documents/review/CAND_1B20532B55_The_IRA_and_the_US_Battery_Supply_Chain_Background_and_Key_Drivers_-_Center_on_Global_Energy.html,CAND_1B20532B55_The_IRA_and_the_US_Battery_Supply_Chain_Background_and_Key_Drivers_-_Center_on_Global_Energy.html,2026-03-25T15:28:47,published
69,CAND_66E77A0CEE,Supply and Service Agreement,review,https://www.sec.gov/Archives/edgar/data/1503636/000119312512017647/d231008dex1018.htm,evAutomationUpdated/data/tavily ready documents/review/CAND_66E77A0CEE_d231008dex1018.htm,CAND_66E77A0CEE_d231008dex1018.htm,2026-03-25T15:28:47,published
70,CAND_29FF175BC4,Georgia Infrastructure Report Card | ASCE,review,https://infrastructurereportcard.org/state-item/georgia,evAutomationUpdated/data/tavily ready documents/review/CAND_29FF175BC4_Georgia_Infrastructure_Report_Card_ASCE.html,CAND_29FF175BC4_Georgia_Infrastructure_Report_Card_ASCE.html,2026-03-25T15:28:47,published
71,CAND_3A52F3A653,2021–2024 QUADRENNIAL SUPPLY CHAIN REVIEW NATIONAL ECONOMIC COUNCIL,review,https://www.trade.gov/sites/default/files/2025-01/20212024-Quadrennial-Supply-Chain-Review.pdf,evAutomationUpdated/data/tavily ready documents/review/CAND_3A52F3A653_20212024-Quadrennial-Supply-Chain-Review.pdf,CAND_3A52F3A653_20212024-Quadrennial-Supply-Chain-Review.pdf,2026-03-25T15:28:47,published
72,CAND_C066C12839,Georgia’s Extensive Logistics Network Speeds Goods to Market - Valdosta CEO,review,https://valdostaceo.com/features/2022/07/georgias-extensive-logistics-network-speeds-goods-market,evAutomationUpdated/data/tavily ready documents/review/CAND_C066C12839_Georgia’s_Extensive_Logistics_Network_Speeds_Goods_to_Market_-_Valdosta_CEO.html,CAND_C066C12839_Georgia’s_Extensive_Logistics_Network_Speeds_Goods_to_Market_-_Valdosta_CEO.html,2026-03-25T15:28:47,published
73,CAND_1F66F73973,"BASF establishes CAM production facility, battery recycling center in Germany",review,https://etn.news/iesa-contacts-menu/6242-basf-cathode-battery-recycling-facility-germany-details,evAutomationUpdated/data/tavily ready documents/review/CAND_1F66F73973_6242-basf-cathode-battery-recycling-facility-germany-details.html,CAND_1F66F73973_6242-basf-cathode-battery-recycling-facility-germany-details.html,2026-03-25T15:28:47,published
74,CAND_71D4097063,ex_797110.htm,review,https://www.sec.gov/Archives/edgar/data/1621832/000143774925010183/ex_797110.htm,evAutomationUpdated/data/tavily ready documents/review/CAND_71D4097063_ex_797110.htm,CAND_71D4097063_ex_797110.htm,2026-03-25T15:28:47,published
75,CAND_D0E87B6F70,The Port of Savannah: Opportunities and Challenges in 2026,review,https://www.linkedin.com/pulse/port-savannah-opportunities-challenges-2026-iw0de,evAutomationUpdated/data/tavily ready documents/review/CAND_D0E87B6F70_port-savannah-opportunities-challenges-2026-iw0de.html,CAND_D0E87B6F70_port-savannah-opportunities-challenges-2026-iw0de.html,2026-03-25T15:28:47,published
76,CAND_6A09284300,Georgia: A Logistics Sweet Spot | Inbound Logistics,review,https://www.inboundlogistics.com/articles/georgia-a-logistics-sweetspot,evAutomationUpdated/data/tavily ready documents/review/CAND_6A09284300_Georgia_A_Logistics_Sweet_Spot_Inbound_Logistics.html,CAND_6A09284300_Georgia_A_Logistics_Sweet_Spot_Inbound_Logistics.html,2026-03-25T15:28:47,published
77,CAND_652FCE7474,Expanding Logistics: Georgia's Infrastrucure & Supply Chain - Georgia Trend Magazine,review,https://www.georgiatrend.com/2025/03/31/expanding-logistics-georgias-infrastrucure-supply-chain,evAutomationUpdated/data/tavily ready documents/review/CAND_652FCE7474_Expanding_Logistics_Georgia's_Infrastrucure_&_Supply_Chain_-_Georgia_Trend_Magazine.html,CAND_652FCE7474_Expanding_Logistics_Georgia's_Infrastrucure_&_Supply_Chain_-_Georgia_Trend_Magazine.html,2026-03-25T15:28:47,published
78,CAND_F26EB177CA,"The Rise of the ""Battery Belt"" in the Southeast United States: Georgia's Electric Vehicle Boom - Environment+Energy Leader",review,"https://www.environmentenergyleader.com/stories/the-rise-of-the-battery-belt-in-the-southeast-united-states-georgias-electric-vehicle-boom,48331","evAutomationUpdated/data/tavily ready documents/review/CAND_F26EB177CA_the-rise-of-the-battery-belt-in-the-southeast-united-states-georgias-electric-vehicle-boom,4.html","CAND_F26EB177CA_the-rise-of-the-battery-belt-in-the-southeast-united-states-georgias-electric-vehicle-boom,4.html",2026-03-25T15:28:47,published
79,CAND_CA01C1CAE8,Conditional DOE loan to support new EV battery separator facility in Indiana - EV Engineering & Infrastructure,review,https://www.evengineeringonline.com/conditional-doe-loan-to-support-new-ev-battery-separator-facility-in-indiana,evAutomationUpdated/data/tavily ready documents/review/CAND_CA01C1CAE8_Conditional_DOE_loan_to_support_new_EV_battery_separator_facility_in_Indiana_-_EV_Engineerin.html,CAND_CA01C1CAE8_Conditional_DOE_loan_to_support_new_EV_battery_separator_facility_in_Indiana_-_EV_Engineerin.html,2026-03-25T15:28:47,published
80,CAND_72DD031CC9,Altilium begins processes at ‘UK first’ battery recycling facility- Current News,review,https://www.solarpowerportal.co.uk/battery-storage/altilium-begins-processes-at-uk-first-battery-recycling-facility,evAutomationUpdated/data/tavily ready documents/review/CAND_72DD031CC9_altilium-begins-processes-at-uk-first-battery-recycling-facility.html,CAND_72DD031CC9_altilium-begins-processes-at-uk-first-battery-recycling-facility.html,2026-03-25T15:28:47,published
81,CAND_183B5DA12A,EX-99.1,review,https://www.sec.gov/Archives/edgar/data/1145986/000119312524202897/d887175dex991.htm,evAutomationUpdated/data/tavily ready documents/review/CAND_183B5DA12A_d887175dex991.htm,CAND_183B5DA12A_d887175dex991.htm,2026-03-25T15:28:47,published
82,CAND_A53A87F70C,"Aspen Aerogels, Inc. Reports First Quarter 2025 Financial Results ...",review,https://www.sec.gov/Archives/edgar/data/1145986/000117184325002948/exh_991.htm,evAutomationUpdated/data/tavily ready documents/review/CAND_A53A87F70C_exh_991.htm,CAND_A53A87F70C_exh_991.htm,2026-03-25T15:28:47,published
83,CAND_26EF2EBCA7,FREYR Battery taps IRA as motivation to bring Battery Storage Manufacturing to Georgia | Energy Tech,review,https://www.energytech.com/energy-storage/article/21254716/freyr-battery-taps-ira-as-motivation-to-bring-battery-storage-manufacturing-to-georgia,evAutomationUpdated/data/tavily ready documents/review/CAND_26EF2EBCA7_freyr-battery-taps-ira-as-motivation-to-bring-battery-storage-manufacturing-to-georgia.html,CAND_26EF2EBCA7_freyr-battery-taps-ira-as-motivation-to-bring-battery-storage-manufacturing-to-georgia.html,2026-03-25T15:28:47,published
84,CAND_5ED6CA5017,Freyr purchases land in Georgia for battery plant - electrive.com,review,https://www.electrive.com/2022/11/14/freyr-purchases-land-in-georgia-for-battery-plant,evAutomationUpdated/data/tavily ready documents/review/CAND_5ED6CA5017_Freyr_purchases_land_in_Georgia_for_battery_plant_-_electrive.html,CAND_5ED6CA5017_Freyr_purchases_land_in_Georgia_for_battery_plant_-_electrive.html,2026-03-25T15:28:47,published
85,CAND_EDD1E62719,"[PDF] Georgia Statewide Freight & Logistics Plan, 2010-2050 - GDOT",review,https://www.dot.ga.gov/InvestSmart/Freight/GeorgiaFreight/Task%202_Strategic%20Need%20for%20Investing.pdf,evAutomationUpdated/data/tavily ready documents/review/CAND_EDD1E62719_Task%202_Strategic%20Need%20for%20Investing.pdf,CAND_EDD1E62719_Task%202_Strategic%20Need%20for%20Investing.pdf,2026-03-25T15:28:47,published
86,CAND_DEB93D9815,NeoVolta Launches U.S. Battery Storage Factory in Georgia,review,"https://www.environmentenergyleader.com/stories/neovolta-launches-us-battery-storage-factory-in-georgia,112781","evAutomationUpdated/data/tavily ready documents/review/CAND_DEB93D9815_neovolta-launches-us-battery-storage-factory-in-georgia,112781_2.html","CAND_DEB93D9815_neovolta-launches-us-battery-storage-factory-in-georgia,112781_2.html",2026-03-25T15:28:47,published
87,CAND_0C84D1B1BF,New Savannah Georgia Transload Facility Goes Operational - Pine Chemicals Association International,review,https://www.pinechemicals.org/news/new-savannah-georgia-transload-facility-goes-operational,evAutomationUpdated/data/tavily ready documents/review/CAND_0C84D1B1BF_new-savannah-georgia-transload-facility-goes-operational.html,CAND_0C84D1B1BF_new-savannah-georgia-transload-facility-goes-operational.html,2026-03-25T15:28:47,published
88,CAND_B46C20F5B8,DOE Announces $6.57 Billion Loan to Rivian to Support the Construction of EV Manufacturing Facility in Georgia | Department of Energy,review,https://www.energy.gov/edf/articles/doe-announces-657-billion-loan-rivian-support-construction-ev-manufacturing-facility,evAutomationUpdated/data/tavily ready documents/review/CAND_B46C20F5B8_doe-announces-657-billion-loan-rivian-support-construction-ev-manufacturing-facility_2.html,CAND_B46C20F5B8_doe-announces-657-billion-loan-rivian-support-construction-ev-manufacturing-facility_2.html,2026-03-25T15:28:47,published
89,CAND_528B71553C,"HSI INTRO -i- July 1, 2025 July 1, 2025 HAZARDOUS SITE INVENTORY",review,https://epd.georgia.gov/document/pdf/2025-hsi-introduction/download,evAutomationUpdated/data/tavily ready documents/review/CAND_528B71553C_2025-HSI-Introduction.pdf,CAND_528B71553C_2025-HSI-Introduction.pdf,2026-03-25T15:28:47,published
90,CAND_7259866BE0,Georgia Port Authority Plans New Inland Port,review,https://www.greenworldwide.com/georgia-port-authority-plans-new-inland-port,evAutomationUpdated/data/tavily ready documents/review/CAND_7259866BE0_Georgia_Port_Authority_Plans_New_Inland_Port.html,CAND_7259866BE0_Georgia_Port_Authority_Plans_New_Inland_Port.html,2026-03-25T15:28:47,published
91,CAND_174687C7CD,file: ea022002201ex99-1_freyr.htm,review,https://www.sec.gov/Archives/edgar/data/1992243/000121390024094750/ea022002201ex99-1_freyr.htm,evAutomationUpdated/data/tavily ready documents/review/CAND_174687C7CD_ea022002201ex99-1_freyr.htm,CAND_174687C7CD_ea022002201ex99-1_freyr.htm,2026-03-25T15:28:47,published
92,CAND_C58B531E0E,The US Southeast is getting its first EV battery supply chain project | Electrek,review,https://electrek.co/2024/03/12/us-southeast-first-ev-battery-supply-chain-project,evAutomationUpdated/data/tavily ready documents/review/CAND_C58B531E0E_The_US_Southeast_is_getting_its_first_EV_battery_supply_chain_project_Electrek.html,CAND_C58B531E0E_The_US_Southeast_is_getting_its_first_EV_battery_supply_chain_project_Electrek.html,2026-03-25T15:28:47,published
93,CAND_BE6E504944,Mitigate Tariff Risk – Consider Foreign Trade Zone (FTZ) - IMEC Site,review,https://www.imec.org/mitigate-tariff-risk-consider-foreign-trade-zone-ftz,evAutomationUpdated/data/tavily ready documents/review/CAND_BE6E504944_Mitigate_Tariff_Risk_–_Consider_Foreign_Trade_Zone_(FTZ)_-_IMEC_Site.html,CAND_BE6E504944_Mitigate_Tariff_Risk_–_Consider_Foreign_Trade_Zone_(FTZ)_-_IMEC_Site.html,2026-03-25T15:28:47,published
94,CAND_9CB17E788F,SK Battery America cuts 958 jobs at $2.6 billion Georgia plant amid EV pullback | Prism News,review,https://www.prismnews.com/news/sk-battery-america-cuts-958-jobs-at-26-billion-georgia-plant-amid-ev-pullback,evAutomationUpdated/data/tavily ready documents/review/CAND_9CB17E788F_sk-battery-america-cuts-958-jobs-at-26-billion-georgia-plant-amid-ev-pullback.html,CAND_9CB17E788F_sk-battery-america-cuts-958-jobs-at-26-billion-georgia-plant-amid-ev-pullback.html,2026-03-25T15:28:47,published
95,CAND_10CBA0B005,Gov. Kemp: Hyundai Motor Group and LG Energy Solution to Invest Additional $2B in Bryan County | Governor Brian P. Kemp Office of the Governor,review,https://gov.georgia.gov/press-releases/2023-08-31/gov-kemp-hyundai-motor-group-and-lg-energy-solution-invest-additional-2b,evAutomationUpdated/data/tavily ready documents/review/CAND_10CBA0B005_gov-kemp-hyundai-motor-group-and-lg-energy-solution-invest-additional-2b.html,CAND_10CBA0B005_gov-kemp-hyundai-motor-group-and-lg-energy-solution-invest-additional-2b.html,2026-03-25T15:28:47,published
96,CAND_6A1F49CF2A,Ascend Elements - Battery-Tech Network,review,https://battery-tech.net/company/ascend-elements,evAutomationUpdated/data/tavily ready documents/review/CAND_6A1F49CF2A_Ascend_Elements_-_Battery-Tech_Network.html,CAND_6A1F49CF2A_Ascend_Elements_-_Battery-Tech_Network.html,2026-03-25T15:28:47,published
97,CAND_785B616612,Georgia Beefs Up Port Infrastructure to Be Major Ocean Freight Player,review,https://sourcingjournal.com/topics/logistics/georgia-port-authority-savannah-ocean-freight-cargo-infrastructure-rail-truck-422383,evAutomationUpdated/data/tavily ready documents/review/CAND_785B616612_Georgia_Beefs_Up_Port_Infrastructure_to_Be_Major_Ocean_Freight_Player.html,CAND_785B616612_Georgia_Beefs_Up_Port_Infrastructure_to_Be_Major_Ocean_Freight_Player.html,2026-03-25T15:28:47,published
98,CAND_2DAC59B613,April 2025: ISSUE 144 2025 EVS AND BATTERY SUPPLY CHAINS ISSUES AND IMPACTS,review,https://www.oxfordenergy.org/wpcms/wp-content/uploads/2025/04/OEF-144.pdf,evAutomationUpdated/data/tavily ready documents/review/CAND_2DAC59B613_OEF-144.pdf,CAND_2DAC59B613_OEF-144.pdf,2026-03-25T15:28:47,published
99,CAND_489DC8A6E3,Hyundai Georgia Plant Expansion Investment,review,https://www.heresavannah.com/hyundai-georgia-plant-expansion,evAutomationUpdated/data/tavily ready documents/review/CAND_489DC8A6E3_Hyundai_Georgia_Plant_Expansion_Investment.html,CAND_489DC8A6E3_Hyundai_Georgia_Plant_Expansion_Investment.html,2026-03-25T15:28:47,published
100,CAND_AAC602741A,Gov. Kemp Announces Statewide Initiative to Accelerate Georgia’s Electric Mobility Industry | Governor Brian P. Kemp Office of the Governor,review,https://gov.georgia.gov/press-releases/2021-07-20/gov-kemp-announces-statewide-initiative-accelerate-georgias-electric,evAutomationUpdated/data/tavily ready documents/review/CAND_AAC602741A_gov-kemp-announces-statewide-initiative-accelerate-georgias-electric.html,CAND_AAC602741A_gov-kemp-announces-statewide-initiative-accelerate-georgias-electric.html,2026-03-25T15:28:47,published
101,CAND_1C4CECA2A2,Impressive $23M Boost for Georgia battery manufacturing JV - PVknowhow,review,https://www.pvknowhow.com/news/impressive-23m-boost-for-georgia-battery-manufacturing-jv,evAutomationUpdated/data/tavily ready documents/review/CAND_1C4CECA2A2_Impressive_$23M_Boost_for_Georgia_battery_manufacturing_JV_-_PVknowhow.html,CAND_1C4CECA2A2_Impressive_$23M_Boost_for_Georgia_battery_manufacturing_JV_-_PVknowhow.html,2026-03-25T15:28:47,published
102,CAND_1B4A291679,Georgia Ports Welcomes Wallenius Wilhelmsen’s New Brunswick Hub Facility - Expansion Solutions,review,https://www.expansionsolutionsmagazine.com/georgia-ports-welcomes-wallenius-wilhelmsens-new-brunswick-hub-facility,evAutomationUpdated/data/tavily ready documents/review/CAND_1B4A291679_georgia-ports-welcomes-wallenius-wilhelmsens-new-brunswick-hub-facility.html,CAND_1B4A291679_georgia-ports-welcomes-wallenius-wilhelmsens-new-brunswick-hub-facility.html,2026-03-25T15:28:47,published
103,CAND_0A5EEEA586,https://dlg.usg.edu/record/dlg_ggpd_50553986-2023-...,review,https://dlg.usg.edu/record/dlg_ggpd_50553986-2023-07-14/fulltext.text,evAutomationUpdated/data/tavily ready documents/review/CAND_0A5EEEA586_fulltext.txt,CAND_0A5EEEA586_fulltext.txt,2026-03-25T15:28:47,published
104,CAND_5B44B08C5A,"GPA invests in rail connections, terminal capacity - Georgia Ports Authority",review,https://gaports.com/press-releases/gpa-invests-in-rail-connections-terminal-capacity,"evAutomationUpdated/data/tavily ready documents/review/CAND_5B44B08C5A_GPA_invests_in_rail_connections,_terminal_capacity_-_Georgia_Ports_Authority.html","CAND_5B44B08C5A_GPA_invests_in_rail_connections,_terminal_capacity_-_Georgia_Ports_Authority.html",2026-03-25T15:28:47,published
105,CAND_4DB99144C6,Building a Resilient Global EV Supply Chain Amid Uncertainty | Bain & Company,review,https://www.bain.com/insights/building-a-resilient-global-ev-supply-chain-amid-uncertainty,evAutomationUpdated/data/tavily ready documents/review/CAND_4DB99144C6_building-a-resilient-global-ev-supply-chain-amid-uncertainty.html,CAND_4DB99144C6_building-a-resilient-global-ev-supply-chain-amid-uncertainty.html,2026-03-25T15:28:47,published
106,CAND_B80DBE9B47,[PDF] Securing The Battery and Critical Material Supply Chain in Georgia,review,https://www.c2es.org/wp-content/uploads/2025/12/C2ES-GA-Takeaways-FINAL2.pdf,evAutomationUpdated/data/tavily ready documents/review/CAND_B80DBE9B47_C2ES-GA-Takeaways-FINAL2.pdf,CAND_B80DBE9B47_C2ES-GA-Takeaways-FINAL2.pdf,2026-03-25T15:28:47,published
107,CAND_6DAB860470,Georgia's Inland Port set for May opening • The Georgia Virtue,review,https://www.thegeorgiavirtue.com/georgia-news/georgiasinland-port-set-for-may-opening,evAutomationUpdated/data/tavily ready documents/review/CAND_6DAB860470_Georgia's_Inland_Port_set_for_May_opening_•_The_Georgia_Virtue.html,CAND_6DAB860470_Georgia's_Inland_Port_set_for_May_opening_•_The_Georgia_Virtue.html,2026-03-25T15:28:47,published
108,CAND_768F5967D2,Georgia Ports achieves record year for autos - Georgia Ports Authority,review,https://gaports.com/press-releases/georgia-ports-achieves-record-year-for-autos,evAutomationUpdated/data/tavily ready documents/review/CAND_768F5967D2_Georgia_Ports_achieves_record_year_for_autos_-_Georgia_Ports_Authority.html,CAND_768F5967D2_Georgia_Ports_achieves_record_year_for_autos_-_Georgia_Ports_Authority.html,2026-03-25T15:28:47,published
109,CAND_205A6ADFC9,Hyundai supplier Joon Georgia Inc. to build facility in Bulloch County,review,https://www.savannahnow.com/story/business/manufacturing/2022/11/12/hyundai-bryan-county-joon-georgia-inc-facility-bulloch-county/8293763001,evAutomationUpdated/data/tavily ready documents/review/CAND_205A6ADFC9_Hyundai_supplier_Joon_Georgia_Inc.html,CAND_205A6ADFC9_Hyundai_supplier_Joon_Georgia_Inc.html,2026-03-25T15:28:47,published
110,CAND_BED6F970DE,Construction underway on 765 MW of new battery energy storage systems in Georgia,review,https://www.power-eng.com/energy-storage/batteries/construction-underway-on-765-mw-of-new-battery-energy-storage-systems-in-georgia,evAutomationUpdated/data/tavily ready documents/review/CAND_BED6F970DE_Construction_underway_on_765_MW_of_new_battery_energy_storage_systems_in_Georgia.html,CAND_BED6F970DE_Construction_underway_on_765_MW_of_new_battery_energy_storage_systems_in_Georgia.html,2026-03-25T15:28:47,published
111,CAND_2A1A47855A,Application schedule - FindMyMoney.App,review,https://www.findmymoney.app/schedule,evAutomationUpdated/data/tavily ready documents/review/CAND_2A1A47855A_Application_schedule_-_FindMyMoney.html,CAND_2A1A47855A_Application_schedule_-_FindMyMoney.html,2026-03-25T15:28:47,published
112,CAND_B7492D5FF3,1 Infrastructure of the Future: Q1 Quarterly Update 2024,review,https://gatransportation.org/wp-content/uploads/2024/08/Infrastructure-of-the-Future-Q1-Quarterly-Economic-Report-2024.pdf,evAutomationUpdated/data/tavily ready documents/review/CAND_B7492D5FF3_Infrastructure-of-the-Future-Q1-Quarterly-Economic-Report-2024.pdf,CAND_B7492D5FF3_Infrastructure-of-the-Future-Q1-Quarterly-Economic-Report-2024.pdf,2026-03-25T15:28:47,published
113,CAND_603444734C,[PDF] Government calls all-party meet on West Asia crisis - Daily Pioneer,review,https://dailypioneer.com/uploads/2026/epaper/march/delhi-english-edition-2026-03-25.pdf,evAutomationUpdated/data/tavily ready documents/review/CAND_603444734C_delhi-english-edition-2026-03-25.pdf,CAND_603444734C_delhi-english-edition-2026-03-25.pdf,2026-03-25T15:28:47,published
114,CAND_CC51E2CACC,Electrification Coalition - Georgia EV Policy,review,https://electrificationcoalition.org/work/state-ev-policy/georgia,evAutomationUpdated/data/tavily ready documents/review/CAND_CC51E2CACC_Electrification_Coalition_-_Georgia_EV_Policy_2.html,CAND_CC51E2CACC_Electrification_Coalition_-_Georgia_EV_Policy_2.html,2026-03-25T15:28:47,published
115,CAND_4EE734F7FE,The Port of Brunswick Expands Rail Capacity - Railway Supply,review,https://www.railway.supply/the-port-of-brunswick-launches-first-phase-of-rail-yard,evAutomationUpdated/data/tavily ready documents/review/CAND_4EE734F7FE_The_Port_of_Brunswick_Expands_Rail_Capacity_-_Railway_Supply.html,CAND_4EE734F7FE_The_Port_of_Brunswick_Expands_Rail_Capacity_-_Railway_Supply.html,2026-03-25T15:28:47,published
116,CAND_B72F86A6CE,zeus20251028h_425.htm,review,https://www.sec.gov/Archives/edgar/data/917470/000143774925032012/zeus20251028h_425.htm,evAutomationUpdated/data/tavily ready documents/review/CAND_B72F86A6CE_zeus20251028h_425_2.htm,CAND_B72F86A6CE_zeus20251028h_425_2.htm,2026-03-25T15:28:47,published
117,CAND_63A0ADB411,"Savannah, Brunswick Georgia Ports Set for a $4.5B Revamp",review,https://www.constructconnect.com/construction-economic-news/savannah-brunswick-ports-set-for-a-4.5b-revamp,evAutomationUpdated/data/tavily ready documents/review/CAND_63A0ADB411_savannah-brunswick-ports-set-for-a-4.html,CAND_63A0ADB411_savannah-brunswick-ports-set-for-a-4.html,2026-03-25T15:28:47,published
118,CAND_706F9EB3D5,Tire and EV Battery Logistics in the Automotive Supply Chain,review,https://www.its4logistics.com/blog/tire-and-ev-battery-logistics-in-the-automotive-supply-chain,evAutomationUpdated/data/tavily ready documents/review/CAND_706F9EB3D5_tire-and-ev-battery-logistics-in-the-automotive-supply-chain.html,CAND_706F9EB3D5_tire-and-ev-battery-logistics-in-the-automotive-supply-chain.html,2026-03-25T15:28:47,published
119,CAND_FB335BD22D,Georgia Power determines locations for 500 MW of new battery energy storage systems approved in 2023 IRP Update | SO Stock News,review,https://www.stocktitan.net/news/SO/georgia-power-determines-locations-for-500-mw-of-new-battery-energy-uucjhak9wq3c.html,evAutomationUpdated/data/tavily ready documents/review/CAND_FB335BD22D_georgia-power-determines-locations-for-500-mw-of-new-battery-energy-uucjhak9wq3c.html,CAND_FB335BD22D_georgia-power-determines-locations-for-500-mw-of-new-battery-energy-uucjhak9wq3c.html,2026-03-25T15:28:47,published
120,CAND_AE10316EBE,Multi-Tier Supplier Collaboration: Benefits and Challenges,review,https://veridion.com/blog-posts/multi-tier-supplier-collaboration-benefits-challenges,evAutomationUpdated/data/tavily ready documents/review/CAND_AE10316EBE_Multi-Tier_Supplier_Collaboration_Benefits_and_Challenges.html,CAND_AE10316EBE_Multi-Tier_Supplier_Collaboration_Benefits_and_Challenges.html,2026-03-25T15:28:47,published
121,CAND_4129B37355,"Brunswick EV battery plant delayed, but still on track",review,https://www.azcentral.com/story/news/local/2025/07/03/brunswick-ev-battery-plant-delayed-but-still-on-track-epsilon-advanced-materials-india/84430231007,"evAutomationUpdated/data/tavily ready documents/review/CAND_4129B37355_Brunswick_EV_battery_plant_delayed,_but_still_on_track_3.html","CAND_4129B37355_Brunswick_EV_battery_plant_delayed,_but_still_on_track_3.html",2026-03-25T15:28:47,published
122,CAND_D8E27525FD,Daechang Seat latest supplier to localise production with Hyundai in Georgia | Automotive Logistics,review,https://www.automotivelogistics.media/ev-and-battery/hyundai-supported-by-suppliers-in-race-to-localise-ev-production-in-us/215849,evAutomationUpdated/data/tavily ready documents/review/CAND_D8E27525FD_215849.html,CAND_D8E27525FD_215849.html,2026-03-25T15:28:47,published
123,CAND_82CF04C498,"Logistics | Development Authority of Washington County, Georgia",review,https://washingtondev.com/top-industries/logistics,evAutomationUpdated/data/tavily ready documents/review/CAND_82CF04C498_logistics_2.html,CAND_82CF04C498_logistics_2.html,2026-03-25T15:28:47,published
124,CAND_262663F06C,South Peach Industrial Park Rail Site | Development Authority of Peach County Properties,review,https://peachcountydevelopment.com/properties/details/south-peach-industrial-park-rail-site,evAutomationUpdated/data/tavily ready documents/review/CAND_262663F06C_south-peach-industrial-park-rail-site.html,CAND_262663F06C_south-peach-industrial-park-rail-site.html,2026-03-25T15:28:47,published
125,CAND_6B665CA616,[PDF] Ukraine Seeks to Make Gains After Breaching Russian Lines - WSJ,review,https://www.wsj.com/public/resources/documents/GtHlZy2yQCHcnuFujTx2-WSJNewsPaper-9-5-2023.pdf?gaa_at=eafs&gaa_n=AWEtsqcS-X5feB18-iiEnJOYHkJCWJ5jM30oVTNkyD4PSLkScLsYro_qtx4S&gaa_ts=69c43307&gaa_sig=Pl_VXJAghr8ycP38chI-paBTIGEmW3Wy1P1to5k0OrlBAYSsXEf-B7nQfo4d__tl-1CxVJHgrMiddzqRLQjcCg%3D%3D,evAutomationUpdated/data/tavily ready documents/review/CAND_6B665CA616_GtHlZy2yQCHcnuFujTx2-WSJNewsPaper-9-5-2023.pdf,CAND_6B665CA616_GtHlZy2yQCHcnuFujTx2-WSJNewsPaper-9-5-2023.pdf,2026-03-25T15:28:47,published
